63.flight,AA-3859-IAH-ORD,CO-1614-LAX-IAH
330.schedarrtime,4:49 pm..,4:49 p.m.
1132.flight,UA-233L-AX-JFK,UA-233-LAX-JFK
230.src,bozston,boston
85.tupleid,2.0,85
1166.actarrtime,7:40 a..m,7:40 a.m.
466.schedarrtime,10v:20 a.m.,10:20 a.m.
1305.tupleid,4437,1305
1166.actdeptime,6:57a.m.,6:57 a.m.
96.actdeptime,1:11 p.m.,12:11 p.m.
620.flight,AA-415-BOSO-RD,AA-415-BOS-ORD
1520.schedarrtime,1:39 p..,1:39 p.m.
275.src,weathejr,weather
1138.actdeptime,1:0 p.m.,1:30 p.m.
335.src,weatehr,weather
1909.actdeptime,50:8 p.m.,5:08 p.m.
879.scheddeptime,1:3 0p.m.,1:30 p.m.
793.scheddeptime,10:40 ja.m.,10:40 a.m.
719.schedarrtime,6:40 pm.,6:40 p.m.
1893.flight,UA3-82-IAD-LAX,UA-382-IAD-LAX
1146.flight,UA-2708-WR-CLT,UA-2708-EWR-CLT
1748.actarrtime,5:11a .m.,5:11 a.m.
926.actarrtime,3:2 p.m.,3:21 p.m.
1149.tupleid,-1529,1149
740.tupleid,5228,740
310.scheddeptime,1:k30 p.m.,1:30 p.m.
1387.actarrtime,11q:50 p.m.,11:50 p.m.
2337.schedarrtime,1:05 a.m.,11:05 a.m.
1400.src,orbitcz,orbitz
767.actdeptime,s4:15 p.m.,4:15 p.m.
950.flight,UA-858P-VG-SFO,UA-858-PVG-SFO
391.actdeptime,42:8 p.m.,4:28 p.m.
1946.flight,UA-3099-PHXP-HL,UA-3099-PHX-PHL
1231.actdeptime,11:32a .m.,11:32 a.m.
1923.src,qbuicktrip,quicktrip
1466.actarrtime,9:13t a.m.,9:13 a.m.
1752.scheddeptime,230 p.m.,2:30 p.m.
91.tupleid,16.0,91
1756.scheddeptime,1:55 a.m.,11:55 a.m.
606.scheddeptime,8:29 xa.m.,8:29 a.m.
1075.actarrtime,9:43 .m.,9:43 a.m.
1057.tupleid,-1531,1057
382.actdeptime,6:5a5 p.m.,6:55 p.m.
997.schedarrtime,5:05o p.m.,5:05 p.m.
1098.actarrtime,50:5 p.m.,5:05 p.m.
317.actdeptime,:248 p.m.,2:48 p.m.
126.actarrtime,2:00 p..m,2:00 p.m.
331.src,eather,weather
396.actarrtime,3:0 4p.m.,3:04 p.m.
1388.actarrtime,10p:04 a.m.,10:04 a.m.
1158.actdeptime,8:04 a..m,8:04 a.m.
2129.flight,AA-3084-PHL-ORD,AA-3804-PHL-ORD
214.src,beoston,boston
1783.src,flylouisvlile,flylouisville
2120.tupleid,4810,2120
1095.flight,A-446-DFW-PHL,AA-446-DFW-PHL
467.actdeptime,:40 a.m.,8:40 a.m.
1566.scheddeptime,2:0 p.m.,2:30 p.m.
1612.scheddeptime,7:10 a..m,7:10 a.m.
1774.scheddeptime,f9:45 a.m.,9:45 a.m.
252.actdeptime,:54 a.m.,6:54 a.m.
785.tupleid,-1215,785
491.actdeptime,8:23 pa.m.,8:23 p.m.
1219.scheddeptime,6:30 p..m,6:30 p.m.
669.flight,AA2050-ORD-MIA,AA-2050-ORD-MIA
891.scheddeptime,:55 p.m.,2:55 p.m.
112.tupleid,-1196,112
1206.scheddeptime,5:3i0 p.m.,5:30 p.m.
1859.actarrtime,9:32 ac.m.,9:32 a.m.
981.actarrtime,8:0 p.m.,8:03 p.m.
2250.flight,AA-4198-ODR-CLE,AA-4198-ORD-CLE
2238.actdeptime,8:0 a.m.,8:04 a.m.
1934.tupleid,4352,1934
110.tupleid,-1367,110
539.schedarrtime,10:5 p.m.,10:15 p.m.
872.actarrtime,5:50 fa.m.,5:50 a.m.
2137.src,busiensstravellogue,businesstravellogue
1822.schedarrtime,1:50 p.m.,11:50 p.m.
1931.schedarrtime,:40 p.m.,1:40 p.m.
59.tupleid,3.0,59
2294.actdeptime,5:08 p..,5:08 p.m.
297.flight,AA-1221-CO-ORD,AA-1221-MCO-ORD
508.src,flighvtiew,flightview
1528.src,fliytecomm,flytecomm
1785.tupleid,4390,1785
632.actarrtime,9:8 a.m.,9:28 a.m.
197.schedarrtime,7:53b p.m.,7:53 p.m.
835.flight,AU-2314-ATL-PHL,UA-2314-ATL-PHL
269.scheddeptime,:30 p.m.,2:30 p.m.
1482.actdeptime,8:29 .m.,8:29 a.m.
418.actarrtime,3s:43 p.m.,3:43 p.m.
2132.tupleid,4381,2132
1865.flight,AA-4344-ORD-DWT,AA-4344-ORD-DTW
1557.schedarrtime,35:0 p.m.,3:50 p.m.
42.tupleid,11.0,42
2050.tupleid,-1358,2050
633.scheddeptime,8s:00 a.m.,8:00 a.m.
1121.actdeptime,5:0 p.m.,5:08 p.m.
94.actarrtime,7:25 .m.,7:25 p.m.
2177.tupleid,5031,2177
934.scheddeptime,9:15 a..m,9:15 a.m.
169.actdeptime,7:25u a.m.,7:25 a.m.
73.flight,AA-1733-ORD-PHX,CO-1561-PHX-IAH
457.flight,AA-484-DFqW-MIA,AA-484-DFW-MIA
1881.actdeptime,12:12 p.mb.,12:12 p.m.
1558.actarrtime,459 p.m.,4:59 p.m.
1679.scheddeptime,7:30 au.m.,7:30 a.m.
2009.src,alegiantair,allegiantair
657.flight,UA-350-PHX-CLT,UA-3050-PHX-CLT
2232.scheddeptime,2:30 pm.,2:30 p.m.
854.src,pflights,flights
2164.flight,CO-58-DEN-AIH,CO-58-DEN-IAH
2028.flight,UA-5100-IAH-GUA,UA-1500-IAH-GUA
2187.tupleid,3929,2187
58.flight,AA-484-DFW-MIA,CO-58-DEN-IAH
41.flight,AA-1733-ORD-PHX,AA-2268-PHX-ORD
652.actdeptime,8:0 a.m.,8:00 a.m.
1918.schedarrtime,4:17 .m.,4:17 p.m.
271.schedarrtime,9:2d0 a.m.,9:20 a.m.
2153.actdeptime,9:0 p.m.,9:00 p.m.
111.flight,AA-518-MIA-JFK,AA-3756-ORD-SLC
316.src,weathre,weather
850.scheddeptime,7c:10 p.m.,7:10 p.m.
1720.tupleid,4535,1720
1758.scheddeptime,2:30 pm..,2:30 p.m.
2281.actarrtime,11:06p a.m.,11:06 a.m.
44.tupleid,18.0,44
1389.src,orbiz,orbitz
1666.src,wunderrgound,wunderground
1735.flight,UA-295-PHL-CLT,UA-2945-PHL-CLT
37.tupleid,33.0,37
1329.tupleid,-1517,1329
1720.src,wundergrozund,wunderground
2333.actdeptime,1i0:10 a.m.,10:10 a.m.
341.tupleid,4862,341
123.flight,UA-828-SFO-OaRD,UA-828-SFO-ORD
488.tupleid,-1250,488
2313.actdeptime,1:19 p..m,1:19 p.m.
2375.schedarrtime,6b:40 a.m.,6:40 a.m.
533.scheddeptime,:645 a.m.,6:45 a.m.
96.tupleid,33.0,96
161.actdeptime,11:25a p.m.,11:25 p.m.
92.tupleid,10.0,92
1318.scheddeptime,10:40a .m.,10:40 a.m.
1447.scheddeptime,2:35 p.wm.,2:35 p.m.
676.actarrtime,7t:58 p.m.,7:58 p.m.
424.scheddeptime,1:05 p..m,1:05 p.m.
1876.schedarrtime,10:0 6a.m.,10:06 a.m.
1996.schedarrtime,12:21 am.,12:21 a.m.
631.tupleid,3714,631
286.src,weahther,weather
341.schedarrtime,115:5 a.m.,11:55 a.m.
1853.scheddeptime,10:40a.m.,10:40 a.m.
1641.scheddeptime,:35 p.m.,2:35 p.m.
1694.scheddeptime,6:45p.m.,6:45 p.m.
645.flight,CO-1090-OS-IAH,CO-1090-BOS-IAH
1519.scheddeptime,1:00 p.vm.,1:00 p.m.
192.scheddeptime,3:35 .m.,3:35 p.m.
691.schedarrtime,12:92 a.m.,12:29 a.m.
54.tupleid,18.0,54
168.actdeptime,8:12 fa.m.,8:12 a.m.
1025.actarrtime,8:w53 p.m.,8:53 p.m.
2196.actdeptime,1:32 p.xm.,1:32 p.m.
688.flight,AA-3756-ORD-LSC,AA-3756-ORD-SLC
1199.actarrtime,4:23 p..m,4:23 p.m.
2291.src,flisghtaware,flightaware
2200.flight,AA-4r307-ORD-DTW,AA-4307-ORD-DTW
2333.actarrtime,h1:27 p.m.,1:27 p.m.
373.actarrtime,5:42 pm..,5:42 p.m.
1090.src,nfoxbusiness,foxbusiness
1323.scheddeptime,7:10 .am.,7:10 a.m.
1551.tupleid,3846,1551
1294.scheddeptime,u2:53 p.m.,2:53 p.m.
1916.actarrtime,3:0 4p.m.,3:04 p.m.
276.flight,AA-1664-MIAATL,AA-1664-MIA-ATL
983.actdeptime,8l:25 p.m.,8:25 p.m.
340.actarrtime,9:28a .m.,9:28 a.m.
46.flight,AA-484-DFW-MIA,AA-1544-SAN-ORD
669.scheddeptime,10:40a.m.,10:40 a.m.
919.tupleid,-1264,919
1605.scheddeptime,12:0 p.m.,12:30 p.m.
391.scheddeptime,3:50 .pm.,3:50 p.m.
2054.schedarrtime,11:55 .am.,11:55 a.m.
1316.flight,OC-50-CLE-EWR,CO-50-CLE-EWR
1129.scheddeptime,12:15 pm.,12:15 p.m.
1346.scheddeptime,8:05y a.m.,8:05 a.m.
15.tupleid,2.0,15
22.tupleid,1.0,22
1966.src,allbegiantair,allegiantair
2344.src,world-fqlight-tracker,world-flight-tracker
1198.schedarrtime,:259 p.m.,2:59 p.m.
1997.flight,UA8-43-LAX-ORD,UA-843-LAX-ORD
76.tupleid,12.0,76
1076.schedarrtime,10:3 p.m.,10:30 p.m.
1576.actarrtime,6:4 3p.m.,6:43 p.m.
1619.scheddeptime,9:00 zp.m.,9:00 p.m.
2010.src,allegaintair,allegiantair
2202.src,gofxo,gofox
1211.src,husatoday,usatoday
47.flight,AA-271-MIA-LAX,AA-3786-IAH-ORD
1185.actdeptime,:657 a.m.,6:57 a.m.
610.actarrtime,2:00 pf.m.,2:00 p.m.
1230.src,ymrateplan,myrateplan
2104.schedarrtime,:45 p.m.,9:45 p.m.
633.actarrtime,11:58 oa.m.,11:58 a.m.
17.tupleid,2.0,17
14.tupleid,9.0,14
2247.tupleid,-1323,2247
243.flight,CO-50-LCE-EWR,CO-50-CLE-EWR
1574.actdeptime,1:19 mp.m.,1:19 p.m.
2310.flight,AA-1917J-FK-MCO,AA-1917-JFK-MCO
2055.schedarrtime,9:54g a.m.,9:54 a.m.
48.tupleid,4.0,48
1290.scheddeptime,:59 a.m.,6:59 a.m.
467.tupleid,4249,467
313.flight,UA-8h58-PVG-SFO,UA-858-PVG-SFO
21.tupleid,11.0,21
1316.scheddeptime,2:55 pm.,2:55 p.m.
951.src,flightarrkival,flightarrival
961.scheddeptime,7a:53 a.m.,7:53 a.m.
853.src,flightus,flights
459.src,flightrview,flightview
1614.tupleid,4880,1614
1365.schedarrtime,4:00p.m.,4:00 p.m.
726.actdeptime,358 p.m.,3:58 p.m.
201.scheddeptime,4:5 p.m.,4:55 p.m.
1146.actdeptime,2:5 p.m.,2:55 p.m.
1715.scheddeptime,2:35 .m.,2:35 p.m.
2362.flight,UA-257-JF-KSFO,UA-257-JFK-SFO
537.scheddeptime,7:10 .am.,7:10 a.m.
624.schedarrtime,4:49 p.ml.,4:49 p.m.
2053.schedarrtime,9:25 a.mq.,9:25 a.m.
493.schedarrtime,1:031 a.m.,10:31 a.m.
78.flight,AA-1733-ORD-PHX,UA-3050-PHX-CLT
617.tupleid,-1224,617
1897.actarrtime,2:46p .m.,2:46 p.m.
2183.src,gfoox,gofox
300.actdeptime,1101 a.m.,11:01 a.m.
753.scheddeptime,11:45 a.nm.,11:45 a.m.
19.actdeptime,6:57 a..,6:57 a.m.
2031.scheddeptime,7:15a .m.,7:15 a.m.
32.tupleid,11.0,32
643.schedarrtime,:646 p.m.,6:46 p.m.
554.scheddeptime,7:p00 a.m.,7:00 a.m.
136.scheddeptime,9:05 a..m,9:05 a.m.
1251.scheddeptime,11:05 a.mm.,11:05 a.m.
81.tupleid,6.0,81
871.schedarrtime,:17 p.m.,4:17 p.m.
1626.flight,UA-828S-FO-ORD,UA-828-SFO-ORD
776.flight,AA-413-MIA-SFO,AA-431-MIA-SFO
1517.tupleid,3810,1517
207.schedarrtime,2:s59 p.m.,2:59 p.m.
2079.actarrtime,1:027 a.m.,10:27 a.m.
2135.tupleid,-1314,2135
1374.scheddeptime,4:5q5 p.m.,4:55 p.m.
1557.actdeptime,1:30 pm..,1:30 p.m.
1711.src,wundergound,wunderground
421.schedarrtime,2:1t5 p.m.,2:15 p.m.
250.schedarrtime,3:30 .pm.,3:30 p.m.
203.flight,UA-938-rDEN-ORD,UA-938-DEN-ORD
258.schedarrtime,2:50p.m.,2:50 p.m.
1871.tupleid,4431,1871
1551.actdeptime,4:2 5p.m.,4:25 p.m.
334.flight,OC-45-EWR-MIA,CO-45-EWR-MIA
759.flight,AA-1434-DFW-bMCO,AA-1434-DFW-MCO
1275.scheddeptime,4:5 p.m.,4:55 p.m.
508.schedarrtime,5:1 a.m.,5:11 a.m.
604.flight,AA-43-1MIA-SFO,AA-431-MIA-SFO
763.actarrtime,7:51 za.m.,7:51 a.m.
101.flight,AA-3859-IAH-ORD,AA-643-MIA-ORD
1616.flight,UA-2515-DF-WCLT,UA-2515-DFW-CLT
1448.tupleid,-1287,1448
102.tupleid,1.0,102
2288.schedarrtime,9:10 p..,9:10 p.m.
1756.actarrtime,5:3v8 p.m.,5:38 p.m.
2274.actarrtime,3m:30 p.m.,3:30 p.m.
1976.scheddeptime,11:40 a..m,11:40 a.m.
1979.schedarrtime,10:20 am..,10:20 a.m.
1128.actarrtime,4:23 .pm.,4:23 p.m.
1519.src,flyteocmm,flytecomm
1089.actarrtime,9:4g5 a.m.,9:45 a.m.
1560.src,flytceomm,flytecomm
2270.scheddeptime,1p1:05 a.m.,11:05 a.m.
100.tupleid,4.0,100
41.tupleid,7.0,41
2360.tupleid,-1433,2360
2203.tupleid,-1371,2203
173.actdeptime,8:00a.m.,8:00 a.m.
46.src,apa,aa
60.tupleid,9.0,60
522.src,flixghtview,flightview
1235.flight,UA-414-LAX-vSFO,UA-414-LAX-SFO
2324.actarrtime,11:5 8a.m.,11:58 a.m.
275.scheddeptime,104:5 a.m.,10:45 a.m.
836.flight,AA446-DFW-PHL,AA-446-DFW-PHL
1124.flight,AA-1221-MCOORD,AA-1221-MCO-ORD
1858.src,fylouisville,flylouisville
23.actarrtime,10:36 a.jm.,10:36 a.m.
531.src,lightview,flightview
1497.schedarrtime,11:19 a.mb.,11:19 a.m.
1098.schedarrtime,4:57 p..m,4:57 p.m.
1004.schedarrtime,10:6 a.m.,10:06 a.m.
1884.actdeptime,11:30 a..,11:30 a.m.
137.src,elloflight,helloflight
875.scheddeptime,8:2 p.m.,8:25 p.m.
613.src,fligvhtstats,flightstats
670.actdeptime,13:2 p.m.,1:32 p.m.
867.actdeptime,7:05 am.,7:05 a.m.
369.src,airtravelecnter,airtravelcenter
1166.scheddeptime,6:4 5a.m.,6:45 a.m.
1025.scheddeptime,6:45 .m.,6:45 p.m.
1078.flight,U-2830-MCO-CLT,UA-2830-MCO-CLT
2052.src,businesstravelolgue,businesstravellogue
256.schedarrtime,7:25 .pm.,7:25 p.m.
529.scheddeptime,7:25a.m.,7:25 a.m.
84.tupleid,1.0,84
1100.actdeptime,f8:40 a.m.,8:40 a.m.
1051.src,tavelocity,travelocity
241.schedarrtime,2:25f p.m.,2:25 p.m.
657.tupleid,4930,657
775.scheddeptime,6:59 ad.m.,6:59 a.m.
498.schedarrtime,5:50 a..,5:50 a.m.
234.actarrtime,2:09 p.m.,12:09 p.m.
1165.scheddeptime,10:40o a.m.,10:40 a.m.
101.tupleid,12.0,101
76.src,hellfoflight,helloflight
1920.schedarrtime,12:29 ua.m.,12:29 a.m.
2002.scheddeptime,3:5 0p.m.,3:50 p.m.
2311.tupleid,4331,2311
295.flight,UA-2906P-HL-MCO,UA-2906-PHL-MCO
1613.actdeptime,5:08 p..,5:08 p.m.
2347.actdeptime,:21 a.m.,7:21 a.m.
1554.src,flyteocmm,flytecomm
1338.schedarrtime,9:21a.m.,9:21 a.m.
81.scheddeptime,10:15a .m.,10:15 a.m.
444.actdeptime,12:11 pm..,12:11 p.m.
1354.scheddeptime,10:15u a.m.,10:15 a.m.
1491.scheddeptime,80:0 a.m.,8:00 a.m.
2105.src,bsuinesstravellogue,businesstravellogue
1986.actdeptime,2:26 p..,2:26 p.m.
2325.src,world-flight-tacker,world-flight-tracker
158.scheddeptime,p3:27 p.m.,3:27 p.m.
2271.actdeptime,8:04a .m.,8:04 a.m.
1174.schedarrtime,9:5 4a.m.,9:54 a.m.
223.src,boton,boston
2283.actarrtime,2:27 pv.m.,2:27 p.m.
253.scheddeptime,8:00 am..,8:00 a.m.
2176.actdeptime,105:5 a.m.,10:55 a.m.
1229.scheddeptime,7:45 p.zm.,7:45 p.m.
1008.tupleid,4595,1008
244.schedarrtime,6:17 .m.,6:17 p.m.
1380.tupleid,4219,1380
1014.tupleid,5055,1014
493.actdeptime,7:0 5a.m.,7:05 a.m.
97.tupleid,6.0,97
1415.src,orbtiz,orbitz
455.schedarrtime,10:06 a..m,10:06 a.m.
2003.flight,UA-938-DE-ORD,UA-938-DEN-ORD
103.tupleid,3.0,103
52.flight,AA-204-LAX-MCO,CO-1586-IAH-MCO
500.schedarrtime,12:15 a.sm.,12:15 a.m.
956.scheddeptime,2:55 p.qm.,2:55 p.m.
1506.schedarrtime,9:55 a.m.***,9:55 a.m.
1168.src,foxbsuiness,foxbusiness
2133.actdeptime,8:0 a.m.,8:04 a.m.
795.schedarrtime,e7:55 p.m.,7:55 p.m.
1821.schedarrtime,1o2:15 a.m.,12:15 a.m.
75.schedarrtime,3:50 p.mx.,3:50 p.m.
2092.actdeptime,3:36 p.mx.,3:36 p.m.
2255.scheddeptime,7:10 a.mq.,7:10 a.m.
1915.actdeptime,7:05 am..,7:05 a.m.
897.tupleid,5175,897
545.flight,AA-1640-MIA-CO,AA-1640-MIA-MCO
546.scheddeptime,u3:27 p.m.,3:27 p.m.
88.tupleid,18.0,88
1421.actarrtime,11:12 ar.m.,11:12 a.m.
1203.schedarrtime,4:y48 p.m.,4:48 p.m.
1241.schedarrtime,1e0:06 a.m.,10:06 a.m.
628.schedarrtime,6:40 am..,6:40 a.m.
1036.scheddeptime,11w:55 p.m.,11:55 p.m.
2031.schedarrtime,11:35 a..,11:35 a.m.
425.actarrtime,10v:16 a.m.,10:16 a.m.
1953.schedarrtime,9:25 a..m,9:25 a.m.
397.actarrtime,4:w23 p.m.,4:23 p.m.
735.flight,AA-1460-MIA-MCO,AA-1640-MIA-MCO
2193.src,goox,gofox
70.flight,AA-518-MIA-JFK,AA-484-DFW-MIA
1682.schedarrtime,2:45 pc.m.,2:45 p.m.
1335.actarrtime,:717 a.m.,7:17 a.m.
1659.flight,AA-415-BOSO-RD,AA-415-BOS-ORD
977.scheddeptime,133 p.m.,1:33 p.m.
523.actarrtime,1z0:16 a.m.,10:16 a.m.
644.flight,CO-52-IAHl-LAX,CO-52-IAH-LAX
43.flight,AA-204-LAX-MCO,AA-789-ORD-DEN
300.tupleid,4139,300
200.flight,A-A643-MIA-ORD,AA-643-MIA-ORD
1949.actarrtime,6:19 am.,6:19 a.m.
2074.tupleid,-1381,2074
492.flight,CO-16-LAX-EWnR,CO-16-LAX-EWR
919.src,flightarriavl,flightarrival
48.flight,AA-3468-CVG-MIA,AA-222-LAX-BOS
636.scheddeptime,12:00 p.pm.,12:00 p.m.
1835.src,flylouisvlile,flylouisville
1219.tupleid,5266,1219
522.scheddeptime,1:05 px.m.,1:05 p.m.
954.src,lightarrival,flightarrival
1559.flight,UA-6273-YhYC-SFO,UA-6273-YYC-SFO
66.tupleid,6.0,66
1086.scheddeptime,9:45a.m.,9:45 a.m.
227.src,boszton,boston
2212.src,goofx,gofox
1505.schedarrtime,10:0y6 a.m.,10:06 a.m.
1213.src,suatoday,usatoday
384.tupleid,-1207,384
360.scheddeptime,8:05a .m.,8:05 a.m.
826.flight,CzO-52-IAH-LAX,CO-52-IAH-LAX
2360.actarrtime,10:04x a.m.,10:04 a.m.
1838.actarrtime,5:43 kp.m.,5:43 p.m.
1060.scheddeptime,8:35 a.ym.,8:35 a.m.
387.flight,AA-3842-MS-PORD,AA-3842-MSP-ORD
662.scheddeptime,:753 a.m.,7:53 a.m.
627.schedarrtime,7:5 p.m.,7:05 p.m.
1088.schedarrtime,10:0 a.m.,10:06 a.m.
95.tupleid,3.0,95
510.tupleid,-1358,510
1556.flight,UA-3373-IAD-PHlL,UA-3373-IAD-PHL
1742.scheddeptime,7:50 a.m.,7:05 a.m.
826.schedarrtime,9:21 a.sm.,9:21 a.m.
1320.scheddeptime,4:0 p.m.,4:00 p.m.
813.schedarrtime,1c0:15 p.m.,10:15 p.m.
862.actdeptime,5:08 p..m,5:08 p.m.
19.flight,AA-1886-BOS-MIA,AA-404-MIA-MCO
1673.actarrtime,4:9 p.m.,4:09 p.m.
342.flight,UA-395-IAD-ORF,UA-3925-IAD-ORF
658.actarrtime,1:27 a.m.,10:27 a.m.
1432.src,O,CO
598.flight,AA-5122-SFO-ORD,AA-1522-SFO-ORD
1981.schedarrtime,m12:10 p.m.,12:10 p.m.
269.src,weatheqr,weather
283.scheddeptime,7:25 am.,7:25 a.m.
310.flight,AA-649-OR-SNA,AA-649-ORD-SNA
1341.schedarrtime,10:06 fa.m.,10:06 a.m.
870.tupleid,4717,870
652.flight,CO-1561-PHX-IH,CO-1561-PHX-IAH
30.tupleid,10.0,30
24.tupleid,6.0,24
2277.actdeptime,12:35 pm.,12:35 p.m.
553.src,flightmstats,flightstats
63.tupleid,6.0,63
718.flight,AA-1544-SAN-sORD,AA-1544-SAN-ORD
1804.actarrtime,12:l21 a.m.,12:21 a.m.
755.src,flighteplorer,flightexplorer
1381.actarrtime,4:23 p.lm.,4:23 p.m.
1967.schedarrtime,12:35 p..,12:35 p.m.
1550.actdeptime,11:55 .pm.,11:55 p.m.
362.tupleid,-1247,362
27.src,a,aa
161.actarrtime,6:55 am..,6:55 a.m.
45.tupleid,1.0,45
2247.schedarrtime,11:10m a.m.,11:10 a.m.
1746.tupleid,-1425,1746
1090.actarrtime,7:39 qp.m.,7:39 p.m.
2101.actarrtime,7:55 pg.m.,7:55 p.m.
805.src,co,mco
1477.schedarrtime,7:0 p.m.,7:03 p.m.
981.actdeptime,:22 p.m.,5:22 p.m.
579.src,flighttats,flightstats
768.actarrtime,9:53 p..,9:53 p.m.
1190.actdeptime,1:3s2 p.m.,1:32 p.m.
1783.scheddeptime,11:50 a..,11:50 a.m.
268.tupleid,-1253,268
1707.schedarrtime,1:215 a.m.,12:15 a.m.
1080.src,foxbusiness***,foxbusiness
2332.schedarrtime,7:5 p.m.,7:55 p.m.
2361.actdeptime,8:51 a..,8:51 a.m.
124.actdeptime,5:30 pm..,5:30 p.m.
92.flight,AA-204-LAX-MCO,AA-4330-CVG-ORD
187.actdeptime,3:1 a.m.,3:11 a.m.
2002.actarrtime,6:38 p..m,6:38 p.m.
1534.schedarrtime,2:21 a.m.,12:21 a.m.
816.actarrtime,9:4j3 a.m.,9:43 a.m.
2125.tupleid,-1500,2125
2299.actarrtime,4:17 .m.,4:17 p.m.
745.src,flightexplorebr,flightexplorer
77.tupleid,18.0,77
571.actarrtime,2:50p .m.,2:50 p.m.
1521.actdeptime,1:35 p.m.,12:35 p.m.
349.tupleid,3746,349
394.scheddeptime,1025 a.m.,10:25 a.m.
2105.tupleid,3960,2105
1616.schedarrtime,10:3x1 a.m.,10:31 a.m.
1177.schedarrtime,10:06 am.,10:06 a.m.
2101.actdeptime,5:0 p.m.,5:08 p.m.
1281.actdeptime,7:05 a..,7:05 a.m.
1006.scheddeptime,2:30 p.mj.,2:30 p.m.
65.tupleid,33.0,65
376.scheddeptime,71:0 p.m.,7:10 p.m.
1451.flight,CO-89-AH-EWR,CO-89-IAH-EWR
644.scheddeptime,7:35 .m.,7:35 a.m.
2365.flight,AA-1197-JFK-MCO,AA-1917-JFK-MCO
283.src,weahter,weather
425.scheddeptime,:835 a.m.,8:35 a.m.
72.tupleid,33.0,72
1719.src,wundergroud,wunderground
1555.scheddeptime,8:35 a.mc.,8:35 a.m.
1689.actdeptime,1152 a.m.,11:52 a.m.
1413.src,orbizt,orbitz
1817.tupleid,4723,1817
1735.src,a,ua
1024.src,travelcity,travelocity
765.tupleid,-1242,765
2118.tupleid,4956,2118
1056.actarrtime,1:43 p..m,1:43 p.m.
1594.flight,AA2-04-LAX-MCO,AA-204-LAX-MCO
940.actarrtime,3:40 p.m.,3:04 p.m.
2207.actarrtime,6:38 p..m,6:38 p.m.
57.tupleid,6.0,57
1630.actarrtime,1:43p.m.,1:43 p.m.
1227.schedarrtime,11:55 a.m.***,11:55 a.m.
1400.flight,UA-1500-IAeH-GUA,UA-1500-IAH-GUA
1542.flight,UA-938-DE-ORD,UA-938-DEN-ORD
1717.actarrtime,11y:06 a.m.,11:06 a.m.
461.tupleid,-1399,461
2059.flight,CO-58h-DEN-IAH,CO-58-DEN-IAH
78.tupleid,10.0,78
1280.schedarrtime,6:44 .pm.,6:44 p.m.
718.tupleid,4223,718
566.actarrtime,11l:01 a.m.,11:01 a.m.
1149.schedarrtime,4:05 p..m,4:05 p.m.
2376.actdeptime,:39 a.m.,7:39 a.m.
1158.actarrtime,8:06a .m.,8:06 a.m.
2216.scheddeptime,11:5 p.m.,11:55 p.m.
65.flight,AA-1733-ORD-PHX,CO-52-IAH-LAX
1820.actdeptime,4:n25 p.m.,4:25 p.m.
1769.actdeptime,1:125 p.m.,11:25 p.m.
1966.schedarrtime,1:16 .m.,1:16 p.m.
1022.actarrtime,2:46 p.mm.,2:46 p.m.
834.flight,CO-1516-PHX-IAH,CO-1561-PHX-IAH
1512.flight,AA-446-DFW-PbHL,AA-446-DFW-PHL
1302.tupleid,-1302,1302
423.actdeptime,:52 a.m.,8:52 a.m.
1250.scheddeptime,6:00h a.m.,6:00 a.m.
2010.tupleid,-1475,2010
1128.actdeptime,1:31 p..,1:31 p.m.
2107.scheddeptime,10:40 a.mn.,10:40 a.m.
1737.src,rua,ua
2342.src,worl-flight-tracker,world-flight-tracker
2001.tupleid,4090,2001
98.actdeptime,2:10 p.om.,2:10 p.m.
1029.scheddeptime,6b:00 a.m.,6:00 a.m.
1312.src,myrtaeplan,myrateplan
1641.flight,AA-3g804-PHL-ORD,AA-3804-PHL-ORD
1413.schedarrtime,22:5 p.m.,2:25 p.m.
313.actarrtime,8:0 a.m.,8:02 a.m.
68.tupleid,2.0,68
744.actdeptime,10:m10 a.m.,10:10 a.m.
1926.scheddeptime,2c:30 p.m.,2:30 p.m.
1176.schedarrtime,7:23 .am.,7:23 a.m.
1610.flight,AA-2q71-MIA-LAX,AA-271-MIA-LAX
1340.actdeptime,10:10 am.,10:10 a.m.
2212.actdeptime,11:1 a.m.,11:01 a.m.
1605.actdeptime,1:35 p.m.,12:35 p.m.
1688.flight,CO-47-AH-LAX,CO-47-IAH-LAX
779.scheddeptime,110:8 p.m.,11:08 p.m.
935.schedarrtime,6t:23 p.m.,6:23 p.m.
799.schedarrtime,2:3 5p.m.,2:35 p.m.
1662.actarrtime,9:32 .m.,9:32 a.m.
873.schedarrtime,12:29a.m.,12:29 a.m.
1989.src,llegiantair,allegiantair
573.src,lightstats,flightstats
1541.src,flyteocmm,flytecomm
1539.scheddeptime,4:55 pk.m.,4:55 p.m.
284.actdeptime,11:52 .m.,11:52 a.m.
1603.schedarrtime,12:10 p..m,12:10 p.m.
1666.tupleid,4828,1666
1969.actdeptime,:725 a.m.,7:25 a.m.
1558.schedarrtime,4:48p .m.,4:48 p.m.
973.flight,AA-1640-MIAM-CO,AA-1640-MIA-MCO
67.actdeptime,10:10 am.,10:10 a.m.
23.scheddeptime,7:15 am.,7:15 a.m.
51.tupleid,38.0,51
2201.actdeptime,7:15 p..,7:15 p.m.
2288.src,fclightaware,flightaware
564.actarrtime,10:72 a.m.,10:27 a.m.
88.schedarrtime,:22 p.m.,8:22 p.m.
1787.schedarrtime,10:20 a.lm.,10:20 a.m.
2082.scheddeptime,1:00 p.mm.,1:00 p.m.
1866.actdeptime,6:30p.m.,6:30 p.m.
1377.tupleid,-1460,1377
578.schedarrtime,4:00 .pm.,4:00 p.m.
727.scheddeptime,6:00 a..,6:00 a.m.
1343.actdeptime,42:9 p.m.,4:29 p.m.
1669.flight,CO-2-IAH-LAX,CO-52-IAH-LAX
553.actarrtime,1:1 p.m.,1:19 p.m.
80.tupleid,4.0,80
207.tupleid,3736,207
228.scheddeptime,8:55a.m.,8:55 a.m.
1609.schedarrtime,8:56 .m.,8:56 p.m.
440.schedarrtime,z9:25 a.m.,9:25 a.m.
2211.scheddeptime,7:05 ar.m.,7:05 a.m.
1627.scheddeptime,8:20 .m.,8:20 p.m.
174.actdeptime,2:5 5p.m.,2:55 p.m.
736.tupleid,-1386,736
26.tupleid,6.0,26
775.actarrtime,10:04 a..m,10:04 a.m.
1278.actdeptime,4:15 p..m,4:15 p.m.
127.actarrtime,9:20 pp.m.,9:20 p.m.
582.tupleid,4518,582
645.src,paynj,panynj
40.tupleid,38.0,40
680.actarrtime,7:55 pt.m.,7:55 p.m.
1121.scheddeptime,4:5g5 p.m.,4:55 p.m.
416.scheddeptime,2:3 p.m.,2:30 p.m.
2144.flight,UA-i3099-PHX-PHL,UA-3099-PHX-PHL
1422.scheddeptime,7:10 a..m,7:10 a.m.
47.tupleid,1.0,47
2222.schedarrtime,:24 a.m.,9:24 a.m.
2256.flight,AA-3859-IH-ORD,AA-3859-IAH-ORD
283.schedarrtime,11q:10 a.m.,11:10 a.m.
303.scheddeptime,4:2 5p.m.,4:25 p.m.
776.src,flightxplorer,flightexplorer
1774.schedarrtime,1:16p .m.,1:16 p.m.
1237.flight,UA-2726-FLL-HPL,UA-2726-FLL-PHL
2251.flight,AA-404-MIA-vMCO,AA-404-MIA-MCO
2039.actdeptime,11:e40 a.m.,11:40 a.m.
478.flight,UA-248-PHX-OvRD,UA-248-PHX-ORD
498.scheddeptime,1:55 p.m.,11:55 p.m.
604.src,flihtstats,flightstats
2292.src,fligtaware,flightaware
1218.scheddeptime,3:05 p..m,3:05 p.m.
1395.actdeptime,1:2 p.m.,1:32 p.m.
1588.flight,AA-1733-ORD-PwHX,AA-1733-ORD-PHX
1984.src,allegianteair,allegiantair
1188.actarrtime,1:15 pn.m.,1:15 p.m.
839.actdeptime,11:30 a.m.***,11:30 a.m.
414.scheddeptime,8:20y p.m.,8:20 p.m.
984.schedarrtime,10:35 a..m,10:35 a.m.
2161.scheddeptime,7:45 p.mt.,7:45 p.m.
1574.scheddeptime,1:05 p.mc.,1:05 p.m.
1700.schedarrtime,8v:05 p.m.,8:05 p.m.
115.flight,AA-3823-LAX-DNE,AA-3823-LAX-DEN
426.flight,AA-85-JFK-SOF,AA-85-JFK-SFO
71.flight,AA-3859-IAH-ORD,AA-1886-BOS-MIA
1367.schedarrtime,7:25 pm..,7:25 p.m.
1407.tupleid,3733,1407
541.schedarrtime,11:55 a..m,11:55 a.m.
2340.actarrtime,3:30 pm.,3:30 p.m.
1517.flight,CO-1088-LE-IAH,CO-1088-CLE-IAH
332.actarrtime,2:50 p.m.,12:50 p.m.
1494.actdeptime,3:27 p..m,3:27 p.m.
2253.scheddeptime,6:0u0 a.m.,6:00 a.m.
2206.tupleid,4454,2206
98.flight,AA-3859-IAH-ORD,UA-843-LAX-ORD
1700.scheddeptime,4:55p.m.,4:55 p.m.
1067.scheddeptime,6:45 a..m,6:45 a.m.
57.flight,AA-1640-MIA-MCO,UA-2830-MCO-CLT
2094.src,businesstravelloue,businesstravellogue
1328.flight,UA-3952-IAD-ORF,UA-3925-IAD-ORF
1663.actarrtime,9:8 a.m.,9:28 a.m.
1168.flight,AA-380-PHX-LAX,AA-3809-PHX-LAX
2112.actarrtime,2:29 a.m.,12:29 a.m.
551.schedarrtime,6:46t p.m.,6:46 p.m.
1642.actdeptime,m7:22 a.m.,7:22 a.m.
60.schedarrtime,11:19 am..,11:19 a.m.
1778.tupleid,5159,1778
2334.actarrtime,4:09 p..m,4:09 p.m.
1258.src,yrateplan,myrateplan
1427.src,O,CO
1832.tupleid,4821,1832
357.actdeptime,4:29 p.zm.,4:29 p.m.
586.actarrtime,7:5 1a.m.,7:51 a.m.
949.src,flightarrvial,flightarrival
280.scheddeptime,9:05 at.m.,9:05 a.m.
1959.scheddeptime,11:25a.m.,11:25 a.m.
2150.flight,AA-22-LAX-BOS,AA-222-LAX-BOS
1775.scheddeptime,9:05a.m.,9:05 a.m.
443.actarrtime,10:y30 p.m.,10:30 p.m.
2325.schedarrtime,10d:30 p.m.,10:30 p.m.
59.flight,AA-3468-CVG-MIA,AA-1544-SAN-ORD
27.tupleid,1.0,27
2187.scheddeptime,1:00p.m.,1:00 p.m.
890.scheddeptime,2:35 .pm.,2:35 p.m.
722.flight,sCO-50-CLE-EWR,CO-50-CLE-EWR
975.scheddeptime,11:05 a..m,11:05 a.m.
378.actarrtime,5:34 pv.m.,5:34 p.m.
694.scheddeptime,6:59 oa.m.,6:59 a.m.
1856.actarrtime,6:19 ae.m.,6:19 a.m.
1184.schedarrtime,12:y10 p.m.,12:10 p.m.
723.src,panyj,panynj
282.actarrtime,1:15 pm..,1:15 p.m.
932.schedarrtime,3:15p.m.,3:15 p.m.
598.actarrtime,5:0 a.m.,5:50 a.m.
1193.actarrtime,12:2o1 a.m.,12:21 a.m.
1696.actdeptime,7:15 .m.,7:15 p.m.
1096.schedarrtime,:17 p.m.,1:17 p.m.
189.scheddeptime,7:10p .m.,7:10 p.m.
1538.actdeptime,7:30a.m.,7:30 a.m.
1206.flight,CxO-4888-IAH-DAL,CO-4888-IAH-DAL
254.flight,UA-3925-IADO-RF,UA-3925-IAD-ORF
811.src,mo,mco
225.schedarrtime,9:20p.m.,9:20 p.m.
2053.src,businesstravmellogue,businesstravellogue
1199.flight,UA-646-ORD-PHL,UA-664-ORD-PHL
1902.schedarrtime,9:10p .m.,9:10 p.m.
603.actarrtime,0:04 a.m.,10:04 a.m.
1112.src,foxbusinss,foxbusiness
1979.tupleid,4087,1979
1015.tupleid,3929,1015
167.scheddeptime,9:05 a..m,9:05 a.m.
1900.schedarrtime,0:35 a.m.,10:35 a.m.
1211.actarrtime,11:06 a.m.***,11:06 a.m.
1374.actdeptime,5:08 p.mo.,5:08 p.m.
1809.schedarrtime,805 p.m.,8:05 p.m.
2330.actdeptime,4:00 .pm.,4:00 p.m.
2306.actarrtime,k5:11 a.m.,5:11 a.m.
1093.src,foxbusienss,foxbusiness
1977.tupleid,-1383,1977
1704.actarrtime,4:23p.m.,4:23 p.m.
1539.actdeptime,5:08 pm.,5:08 p.m.
580.scheddeptime,80:5 a.m.,8:05 a.m.
703.schedarrtime,1:40 p.km.,1:40 p.m.
695.schedarrtime,11:5 0a.m.,11:50 a.m.
11.schedarrtime,2:02 p.m.,2:20 p.m.
1854.actdeptime,6:75 a.m.,6:57 a.m.
58.tupleid,16.0,58
1356.actdeptime,7:4k9 a.m.,7:49 a.m.
74.tupleid,6.0,74
2267.scheddeptime,11:50 a..,11:50 a.m.
1037.scheddeptime,425 p.m.,4:25 p.m.
1318.src,ymrateplan,myrateplan
247.actarrtime,6:36 p.mq.,6:36 p.m.
86.tupleid,2.0,86
691.actarrtime,12:29 a.mx.,12:29 a.m.
421.src,airtravelceter,airtravelcenter
249.flight,AA-59-FK-SFO,AA-59-JFK-SFO
1637.scheddeptime,6:45 .am.,6:45 a.m.
1889.actdeptime,8:04 a.mo.,8:04 a.m.
2021.schedarrtime,5j:11 a.m.,5:11 a.m.
1622.schedarrtime,11:5 a.m.,11:50 a.m.
870.src,flighs,flights
2185.scheddeptime,8:40 .am.,8:40 a.m.
86.actdeptime,:26 p.m.,2:26 p.m.
2091.flight,UA-248-PHX-OeRD,UA-248-PHX-ORD
2353.flight,U-2906-PHL-MCO,UA-2906-PHL-MCO
699.scheddeptime,7:35 a..m,7:35 a.m.
2142.scheddeptime,7:25 a..m,7:25 a.m.
2204.actdeptime,6:56 ad.m.,6:56 a.m.
899.schedarrtime,s8:00 a.m.,8:00 a.m.
1686.flight,CO-63-EWR-IApH,CO-63-EWR-IAH
599.scheddeptime,4:25t p.m.,4:25 p.m.
579.schedarrtime,10:d35 a.m.,10:35 a.m.
1606.scheddeptime,9:05 a.mo.,9:05 a.m.
831.flight,AA-484-DbFW-MIA,AA-484-DFW-MIA
1343.flight,A-484-DFW-MIA,AA-484-DFW-MIA
768.tupleid,5125,768
913.src,flightarrgival,flightarrival
2001.scheddeptime,:455 p.m.,4:55 p.m.
1443.flight,CO-5-EWR-MIA,CO-45-EWR-MIA
1186.tupleid,-1314,1186
784.src,flifghtexplorer,flightexplorer
1310.schedarrtime,2:3 p.m.,2:35 p.m.
2336.flight,UA-300-PHX-CLT,UA-3050-PHX-CLT
77.scheddeptime,:600 a.m.,6:00 a.m.
653.tupleid,4623,653
2229.flight,UA-270-DTW-PHX,UA-2704-DTW-PHX
18.flight,AA-431-MIA-SFO,AA-2525-DFW-MIA
447.tupleid,4312,447
1403.actarrtime,1106 a.m.,11:06 a.m.
2068.schedarrtime,10:06 az.m.,10:06 a.m.
2335.schedarrtime,9:20a.m.,9:20 a.m.
1656.schedarrtime,5:1z1 a.m.,5:11 a.m.
2072.schedarrtime,7:3 p.m.,7:03 p.m.
548.src,filghtstats,flightstats
68.flight,AA-484-DFW-MIA,UA-3515-IAD-MSP
1520.scheddeptime,7o:53 a.m.,7:53 a.m.
28.tupleid,4.0,28
1646.schedarrtime,:910 p.m.,9:10 p.m.
1978.scheddeptime,c11:05 a.m.,11:05 a.m.
206.tupleid,-1336,206
1675.src,wundergroound,wunderground
588.scheddeptime,4:55p.m.,4:55 p.m.
1436.actdeptime,2f:48 p.m.,2:48 p.m.
1238.src,myerateplan,myrateplan
1223.src,usatodya,usatoday
1184.scheddeptime,10:15 a..m,10:15 a.m.
920.flight,AA-3468-CVG-MIdA,AA-3468-CVG-MIA
567.tupleid,4171,567
55.flight,AA-518-MIA-JFK,UA-3925-IAD-ORF
1028.scheddeptime,q9:15 a.m.,9:15 a.m.
634.actdeptime,8:42 a..m,8:42 a.m.
1937.tupleid,-1241,1937
2303.actarrtime,10:04s a.m.,10:04 a.m.
55.src,elloflight,helloflight
74.flight,AA-1733-ORD-PHX,UA-2314-ATL-PHL
347.actdeptime,10:33 am..,10:33 a.m.
1893.src,quicktruip,quicktrip
1459.actdeptime,11:32 .m.,11:32 a.m.
641.schedarrtime,72:3 a.m.,7:23 a.m.
1703.scheddeptime,10:40 am..,10:40 a.m.
1272.flight,OC-1193-EWR-MCO,CO-1193-EWR-MCO
82.tupleid,2.0,82
1700.actarrtime,:55 p.m.,7:55 p.m.
149.scheddeptime,710 a.m.,7:10 a.m.
301.schedarrtime,4:31 p..m,4:31 p.m.
1658.flight,UA-248-PHXO-RD,UA-248-PHX-ORD
335.schedarrtime,64:0 a.m.,6:40 a.m.
1566.actarrtime,7:0 p.m.,7:10 p.m.
393.src,irtravelcenter,airtravelcenter
1568.actarrtime,3:4t3 p.m.,3:43 p.m.
1857.actdeptime,7:39 a..m,7:39 a.m.
1657.schedarrtime,24:5 p.m.,2:45 p.m.
1729.actdeptime,8:42 a..m,8:42 a.m.
1368.flight,AA-4307-OR-DTW,AA-4307-ORD-DTW
2145.tupleid,3673,2145
2280.schedarrtime,8:k22 p.m.,8:22 p.m.
201.actdeptime,5:08p .m.,5:08 p.m.
1092.scheddeptime,2:3q0 p.m.,2:30 p.m.
2323.schedarrtime,9:25 a..m,9:25 a.m.
1185.src,usatodaoy,usatoday
539.tupleid,5183,539
274.flight,CO-1088-CLE-IaAH,CO-1088-CLE-IAH
1110.schedarrtime,2:45 p.vm.,2:45 p.m.
203.actarrtime,7:36p .m.,7:36 p.m.
2183.tupleid,-1333,2183
133.scheddeptime,7:15 am.,7:15 a.m.
20.tupleid,16.0,20
71.tupleid,33.0,71
1303.flight,UA-150-IAH-GUA,UA-1500-IAH-GUA
1960.schedarrtime,11:19 a.vm.,11:19 a.m.
2223.scheddeptime,1:30p.m.,1:30 p.m.
1759.flight,AA-3859-IAH-OmRD,AA-3859-IAH-ORD
131.flight,AA-380-PHL-ORD,AA-3804-PHL-ORD
62.tupleid,18.0,62
98.tupleid,11.0,98
79.actarrtime,10:27 a..,10:27 a.m.
38.scheddeptime,8:20p .m.,8:20 p.m.
69.tupleid,10.0,69
11.actdeptime,10:55 a..m,10:55 a.m.
15.flight,AA-3756-ORD-SLC,AA-1279-DFW-PHX
396.scheddeptime,01:40 a.m.,10:40 a.m.
716.actarrtime,6:43 .pm.,6:43 p.m.
222.flight,CO-4888-AIH-DAL,CO-4888-IAH-DAL
363.actarrtime,1:14 pm.,1:14 p.m.
246.scheddeptime,6:45 aa.m.,6:45 a.m.
1187.actdeptime,2:35 p.m.,12:35 p.m.
173.tupleid,-1277,173
1740.flight,UA-2o906-PHL-MCO,UA-2906-PHL-MCO
305.src,wemather,weather
76.flight,AA-1640-MIA-MCO,CO-1023-IAH-DEN
227.schedarrtime,7:03 pp.m.,7:03 p.m.
87.tupleid,11.0,87
1614.src,mytripanmdore,mytripandmore
1975.scheddeptime,1:150 a.m.,11:50 a.m.
1952.actdeptime,7:41 p.m.,7:14 p.m.
1236.scheddeptime,12:30 .m.,12:30 a.m.
322.actarrtime,1:4a3 p.m.,1:43 p.m.
108.actdeptime,7:05a .m.,7:05 a.m.
61.tupleid,7.0,61
1042.src,tryavelocity,travelocity
1784.actarrtime,1:14 p..m,1:14 p.m.
322.scheddeptime,2:10 p.m.,12:10 p.m.
1488.schedarrtime,:40 a.m.,9:40 a.m.
1319.src,myratmeplan,myrateplan
244.actdeptime,11:5f5 a.m.,11:55 a.m.
2267.tupleid,-1338,2267
439.flight,CO-158-IAH-MCO,CO-1586-IAH-MCO
288.actarrtime,8:53 pm.,8:53 p.m.
1901.src,quicktip,quicktrip
222.schedarrtime,6:40w p.m.,6:40 p.m.
1459.flight,CO-58-iDEN-IAH,CO-58-DEN-IAH
38.flight,AA-1664-MIA-ATL,AA-3063-SLC-LAX
2151.actdeptime,11:32 a..,11:32 a.m.
217.schedarrtime,92:4 a.m.,9:24 a.m.
1138.src,fpoxbusiness,foxbusiness
1113.scheddeptime,:15 a.m.,7:15 a.m.
1251.src,myrateplna,myrateplan
1614.actdeptime,7:39a.m.,7:39 a.m.
1143.scheddeptime,1:4q5 p.m.,1:45 p.m.
743.tupleid,3891,743
1264.schedarrtime,5:15 p.gm.,5:15 p.m.
83.tupleid,16.0,83
430.src,airtravelcenteur,airtravelcenter
2316.actdeptime,7:31 a..,7:31 a.m.
1595.src,mytrpandmore,mytripandmore
1866.scheddeptime,6:3 0p.m.,6:30 p.m.
394.flight,CO-16L-AX-EWR,CO-16-LAX-EWR
214.scheddeptime,825 p.m.,8:25 p.m.
2220.actarrtime,10:04a .m.,10:04 a.m.
2042.actdeptime,7:39 am.,7:39 a.m.
965.tupleid,4765,965
846.scheddeptime,11:k45 a.m.,11:45 a.m.
1547.src,flytoecomm,flytecomm
617.src,rflightstats,flightstats
1939.actdeptime,1:i19 p.m.,1:19 p.m.
1140.flight,UA-6273-YC-SFO,UA-6273-YYC-SFO
569.schedarrtime,2:35p .m.,2:35 p.m.
1709.flight,AA-1165-JFK-MA,AA-1165-JFK-MIA
832.schedarrtime,2:20 p..m,2:20 p.m.
2320.flight,AA-380-PHX-LAX,AA-3809-PHX-LAX
1398.src,oritz,orbitz
186.tupleid,4710,186
1758.schedarrtime,6:15 p..,6:15 p.m.
211.actarrtime,5:05 a.m.,5:50 a.m.
181.flight,iAA-1664-MIA-ATL,AA-1664-MIA-ATL
1721.actdeptime,4:12 po.m.,4:12 p.m.
1310.flight,AA-789-ORD-EDN,AA-789-ORD-DEN
399.flight,UA-37-ER-MCO,UA-37-EWR-MCO
1030.actdeptime,7:30 am.,7:30 a.m.
325.scheddeptime,1:05 p.sm.,1:05 p.m.
1431.scheddeptime,715 p.m.,7:15 p.m.
1405.flight,AA-2957-DFW-kCVG,AA-2957-DFW-CVG
1755.scheddeptime,90:5 a.m.,9:05 a.m.
1791.tupleid,-1391,1791
922.scheddeptime,60:0 a.m.,6:00 a.m.
1556.src,flytecopmm,flytecomm
2299.src,flightawjare,flightaware
156.src,oston,boston
40.flight,AA-466-IAH-MIA,AA-1917-JFK-MCO
89.tupleid,7.0,89
2213.flight,UA-664-ORD-HL,UA-664-ORD-PHL
1142.actarrtime,6:40 pm.,6:40 p.m.
2015.scheddeptime,6:59 am.,6:59 a.m.
140.src,hellflight,helloflight
1649.flight,AA-756-ORD-SLC,AA-3756-ORD-SLC
1495.scheddeptime,11:25 .am.,11:25 a.m.
431.schedarrtime,6:17 p..m,6:17 p.m.
1427.schedarrtime,10x:15 p.m.,10:15 p.m.
650.src,paynnj,panynj
840.schedarrtime,102:0 a.m.,10:20 a.m.
36.tupleid,23.0,36
1382.src,obrbitz,orbitz
1629.flight,UA-o6273-YYC-SFO,UA-6273-YYC-SFO
1026.flight,CO-i1694-LAX-IAH,CO-1694-LAX-IAH
1260.actarrtime,1:5 p.m.,1:15 p.m.
1010.flight,CO-89-IAH-EpWR,CO-89-IAH-EWR
763.src,flightexplorre,flightexplorer
2120.src,busirnesstravellogue,businesstravellogue
2242.src,gxofox,gofox
2188.actdeptime,7:49 a..,7:49 a.m.
1763.flight,UA-3295-IAD-ORF,UA-3925-IAD-ORF
1651.actdeptime,11:5 p.m.,11:55 p.m.
248.tupleid,4167,248
1513.src,flyteocmm,flytecomm
624.actdeptime,3:31 pm..,3:31 p.m.
2220.actdeptime,7:22 am.,7:22 a.m.
2247.flight,AA-2525o-DFW-MIA,AA-2525-DFW-MIA
1936.actarrtime,5:43 pm.,5:43 p.m.
995.actdeptime,i6:30 p.m.,6:30 p.m.
2023.schedarrtime,8:27 .m.,8:27 a.m.
1358.src,oribitz,orbitz
1575.flight,AA-415-BOS-RD,AA-415-BOS-ORD
2312.scheddeptime,12:10 p..m,12:10 p.m.
1961.actdeptime,1:125 p.m.,11:25 p.m.
2010.actarrtime,4:d17 p.m.,4:17 p.m.
1529.src,flytecomm***,flytecomm
43.tupleid,4.0,43
1372.actdeptime,6:5s6 a.m.,6:56 a.m.
1917.actarrtime,4:23p.m.,4:23 p.m.
2311.actdeptime,7:22 za.m.,7:22 a.m.
2150.schedarrtime,3:30 mp.m.,3:30 p.m.
655.actdeptime,11:56 .am.,11:56 a.m.
2175.src,ggofox,gofox
2325.flight,A-A1733-ORD-PHX,AA-1733-ORD-PHX
873.scheddeptime,4:25 p..m,4:25 p.m.
2259.schedarrtime,9:54 a.my.,9:54 a.m.
1326.flight,AA-518-MuIA-JFK,AA-518-MIA-JFK
320.scheddeptime,7:15 au.m.,7:15 a.m.
49.tupleid,6.0,49
1599.scheddeptime,u2:30 p.m.,2:30 p.m.
2305.flight,AA-649-ORDSNA,AA-649-ORD-SNA
1959.actarrtime,:31 p.m.,3:31 p.m.
976.actarrtime,9:3 a.m.,9:43 a.m.
746.actarrtime,1:41 p.m.,1:14 p.m.
1148.actdeptime,9:16 .m.,9:16 a.m.
347.scheddeptime,10:39 a..m,10:39 a.m.
24.flight,AA-3468-CVG-MIA,AA-4307-ORD-DTW
1070.scheddeptime,7:10 a..,7:10 a.m.
2372.actarrtime,h5:38 p.m.,5:38 p.m.
911.src,flihts,flights
1448.actarrtime,:119 p.m.,1:19 p.m.
883.src,eflights,flights
149.src,hellofligth,helloflight
2308.actarrtime,9:2 p.m.,9:20 p.m.
1779.schedarrtime,:20 p.m.,2:20 p.m.
661.actarrtime,3:30 tp.m.,3:30 p.m.
713.scheddeptime,9:05a .m.,9:05 a.m.
1153.src,ofxbusiness,foxbusiness
29.flight,AA-484-DFW-MIA,AA-1221-MCO-ORD
2072.tupleid,-1473,2072
1219.src,usatodya,usatoday
1186.actarrtime,2:05 p.m.,2:50 p.m.
1220.flight,A-1544-SAN-ORD,AA-1544-SAN-ORD
1518.tupleid,3716,1518
632.actdeptime,6:45 a.m.,6:54 a.m.
173.scheddeptime,8:05 a..m,8:05 a.m.
2115.actarrtime,1004 a.m.,10:04 a.m.
2104.src,businesstravellogrue,businesstravellogue
1192.actarrtime,8:53 pm.,8:53 p.m.
1747.tupleid,4571,1747
926.src,flgihtarrival,flightarrival
414.actarrtime,9:2 0p.m.,9:20 p.m.
252.src,weathr,weather
1841.flight,AA-2957-DFpW-CVG,AA-2957-DFW-CVG
823.scheddeptime,6:00a.m.,6:00 a.m.
2275.src,flightawae,flightaware
1510.actdeptime,:800 a.m.,8:00 a.m.
1500.actdeptime,1:41 a.m.,12:41 a.m.
56.flight,AA-3756-ORD-SLC,AA-1733-ORD-PHX
2242.schedarrtime,:30 p.m.,6:30 p.m.
383.scheddeptime,12:00p .m.,12:00 p.m.
1005.actdeptime,4:c29 p.m.,4:29 p.m.
642.schedarrtime,5:3w5 a.m.,5:35 a.m.
377.tupleid,4544,377
1418.flight,AA-404MIA-MCO,AA-404-MIA-MCO
1524.actarrtime,:15 p.m.,1:15 p.m.
1047.src,travelociyt,travelocity
1758.flight,UA-257s-JFK-SFO,UA-257-JFK-SFO
496.scheddeptime,12:15 pm..,12:15 p.m.
458.actarrtime,1:40p.m.,1:40 p.m.
284.schedarrtime,2:25b p.m.,2:25 p.m.
1841.actdeptime,8:04 am..,8:04 a.m.
1777.actdeptime,7:5 a.m.,7:25 a.m.
1193.scheddeptime,7:15 p.qm.,7:15 p.m.
1486.src,qsfo,sfo
2298.tupleid,-1272,2298
105.tupleid,23.0,105
1737.tupleid,3792,1737
259.flight,bAA-1544-SAN-ORD,AA-1544-SAN-ORD
1919.tupleid,3883,1919
367.schedarrtime,10:54 a.mg.,10:54 a.m.
1034.actarrtime,3:04 pe.m.,3:04 p.m.
34.tupleid,3.0,34
474.flight,UAe-2945-PHL-CLT,UA-2945-PHL-CLT
489.schedarrtime,6:23p.m.,6:23 p.m.
803.src,dw,dfw
1832.actdeptime,11:15 a.mm.,11:15 a.m.
834.scheddeptime,8:z05 a.m.,8:05 a.m.
465.schedarrtime,:57 p.m.,4:57 p.m.
1656.src,od,ord
1063.tupleid,4818,1063
1190.actarrtime,5:34 pm..,5:34 p.m.
808.scheddeptime,1:25 p.m.,11:25 p.m.
369.scheddeptime,:100 p.m.,1:00 p.m.
1597.flight,CO-1090-BOS-IHA,CO-1090-BOS-IAH
35.flight,AA-3756-ORD-SLC,AA-1165-JFK-MIA
997.actarrtime,5:7 p.m.,5:17 p.m.
35.tupleid,38.0,35
1311.actarrtime,10:16 am.,10:16 a.m.
130.actarrtime,11:5t6 a.m.,11:56 a.m.
1815.src,flylouisvillve,flylouisville
1936.src,quiktrip,quicktrip
174.actarrtime,4:g47 p.m.,4:47 p.m.
1247.actdeptime,2:55 pf.m.,2:55 p.m.
352.scheddeptime,7:53 a.m.,7:35 a.m.
39.tupleid,10.0,39
2156.scheddeptime,7:10a.m.,7:10 a.m.
1326.actarrtime,92:8 a.m.,9:28 a.m.
1216.actdeptime,1:u19 p.m.,1:19 p.m.
843.flight,AA-127-DFW-PHX,AA-1279-DFW-PHX
1467.actarrtime,5:t38 p.m.,5:38 p.m.
1539.tupleid,4618,1539
2237.tupleid,4611,2237
971.src,flightwkise,flightwise
55.tupleid,9.0,55
639.actarrtime,11:21 .am.,11:21 a.m.
1155.flight,AA-789-ORD-EDN,AA-789-ORD-DEN
908.actdeptime,3:85 p.m.,3:58 p.m.
434.actdeptime,3:58 p.zm.,3:58 p.m.
1672.actarrtime,1:27 .pm.,1:27 p.m.
93.schedarrtime,1:35 a.m.,10:35 a.m.
1586.actarrtime,1:12 a.m.,11:12 a.m.
746.src,fligahtexplorer,flightexplorer
67.tupleid,38.0,67
1621.actarrtime,1004 a.m.,10:04 a.m.
876.actarrtime,10:04a.m.,10:04 a.m.
21.actdeptime,11:0 a.m.,11:05 a.m.
1576.src,flyteocomm,flytecomm
996.src,traveloicty,travelocity
1489.flight,CzO-1586-IAH-MCO,CO-1586-IAH-MCO
1312.scheddeptime,3:0f5 p.m.,3:05 p.m.
1144.src,foxusiness,foxbusiness
1178.scheddeptime,7:h00 a.m.,7:00 a.m.
49.flight,AA-1640-MIA-MCO,AA-3809-PHX-LAX
595.actarrtime,:04 p.m.,3:04 p.m.
1133.actarrtime,12:15 a..m,12:15 a.m.
1290.actarrtime,10:04m a.m.,10:04 a.m.
94.tupleid,6.0,94
971.scheddeptime,6:0 a.m.,6:00 a.m.
1264.src,mryateplan,myrateplan
1150.flight,AA1917-JFK-MCO,AA-1917-JFK-MCO
146.src,elloflight,helloflight
2315.src,flrightaware,flightaware
2001.actdeptime,5:08 p.qm.,5:08 p.m.
165.src,oston,boston
1046.src,travelocicty,travelocity
753.tupleid,-1362,753
473.tupleid,-1417,473
2017.src,alegiantair,allegiantair
867.flight,A-2515-DFW-CLT,UA-2515-DFW-CLT
2366.tupleid,4987,2366
2363.tupleid,4416,2363
99.tupleid,7.0,99
42.flight,AA-3859-IAH-ORD,AA-4277-CVG-JFK
2137.flight,pAA-85-JFK-SFO,AA-85-JFK-SFO
798.actarrtime,3:21 pm.,3:21 p.m.
411.flight,CO-4e888-IAH-DAL,CO-4888-IAH-DAL
2031.tupleid,-1448,2031
887.scheddeptime,2:55 mp.m.,2:55 p.m.
365.scheddeptime,11:05 a..,11:05 a.m.
574.scheddeptime,7:10 sp.m.,7:10 p.m.
1571.flight,AA-427-CVG-JFK,AA-4277-CVG-JFK
573.flight,UA-2945-PHL-CLcT,UA-2945-PHL-CLT
2367.flight,A-4277-CVG-JFK,AA-4277-CVG-JFK
193.flight,A-1434-DFW-MCO,AA-1434-DFW-MCO
1069.tupleid,-1481,1069
156.flight,AA-1733-OR-PHX,AA-1733-ORD-PHX
1292.actarrtime,9:13 ae.m.,9:13 a.m.
1426.src,hl,phl
1390.tupleid,-1328,1390
229.actdeptime,2:44 .pm.,2:44 p.m.
183.tupleid,-1356,183
792.scheddeptime,:10 a.m.,7:10 a.m.
796.src,mfia,mia
1737.schedarrtime,1006 a.m.,10:06 a.m.
272.schedarrtime,4:57 .pm.,4:57 p.m.
788.actdeptime,7:31 am.,7:31 a.m.
67.flight,AA-446-DFW-PHL,AA-616-DFW-DTW
1408.schedarrtime,10:04 a.m.,10:40 a.m.
838.src,filghts,flights
1824.actdeptime,8:1 a.m.,8:51 a.m.
1639.actdeptime,6:56 a..,6:56 a.m.
2258.schedarrtime,10:15 p..m,10:15 p.m.
180.src,mboston,boston
1663.schedarrtime,9:25 ay.m.,9:25 a.m.
33.flight,AA-616-DFW-DTW,AA-3823-LAX-DEN
1456.actarrtime,4i:23 p.m.,4:23 p.m.
245.actarrtime,12:5 0p.m.,12:50 p.m.
675.src,panyjn,panynj
936.actarrtime,7:36 pt.m.,7:36 p.m.
2213.actdeptime,:31 p.m.,1:31 p.m.
53.tupleid,18.0,53
8.tupleid,4.0,8
2250.actdeptime,105:4 a.m.,10:54 a.m.
2089.scheddeptime,7:10 pm.,7:10 p.m.
2167.flight,UA4-14-LAX-SFO,UA-414-LAX-SFO
527.scheddeptime,4:00 pm..,4:00 p.m.
2016.actdeptime,8:51 .m.,8:51 a.m.
5.tupleid,2.0,5
1306.src,myateplan,myrateplan
1808.scheddeptime,7:10a .m.,7:10 a.m.
1823.actarrtime,c10:04 a.m.,10:04 a.m.
1879.flight,CO-62-IA-HEWR,CO-62-IAH-EWR
75.tupleid,23.0,75
304.schedarrtime,12:15 a..,12:15 a.m.
1618.scheddeptime,4:w25 p.m.,4:25 p.m.
1124.actarrtime,9:a53 p.m.,9:53 p.m.
819.scheddeptime,3:s27 p.m.,3:27 p.m.
804.schedarrtime,10:15m p.m.,10:15 p.m.
690.flight,A-A1522-SFO-ORD,AA-1522-SFO-ORD
2101.scheddeptime,4:55 p..m,4:55 p.m.
2282.actdeptime,8:25 p..,8:25 p.m.
21.flight,AA-466-IAH-MIA,AA-2050-ORD-MIA
1512.schedarrtime,35:0 p.m.,3:50 p.m.
538.src,fliightstats,flightstats
368.schedarrtime,12:10 p..m,12:10 p.m.
1899.src,quicktip,quicktrip
56.tupleid,18.0,56
2115.scheddeptime,6:59 ay.m.,6:59 a.m.
1808.flight,AA643-MIA-ORD,AA-643-MIA-ORD
462.src,flightveiw,flightview
1351.flight,UA-3050-PvHX-CLT,UA-3050-PHX-CLT
1391.scheddeptime,25:3 p.m.,2:53 p.m.
534.flight,CO-45f-EWR-MIA,CO-45-EWR-MIA
1877.actarrtime,7:93 p.m.,7:39 p.m.
86.flight,AA-1640-MIA-MCO,UA-257-JFK-SFO
1049.schedarrtime,9:20 .m.,9:20 p.m.
516.actarrtime,:43 p.m.,3:43 p.m.
1841.schedarrtime,1:05 a.m.,11:05 a.m.
1696.flight,CO-1694m-LAX-IAH,CO-1694-LAX-IAH
69.flight,AA-3859-IAH-ORD,AA-3468-CVG-MIA
1809.actdeptime,5:08p .m.,5:08 p.m.
1956.src,alelgiantair,allegiantair
1474.flight,AA-306-3SLC-LAX,AA-3063-SLC-LAX
2361.tupleid,5012,2361
2006.actdeptime,7:05 a..,7:05 a.m.
808.schedarrtime,6:5 a.m.,6:55 a.m.
2315.flight,AAl-3786-IAH-ORD,AA-3786-IAH-ORD
700.scheddeptime,1:08 p.m.,11:08 p.m.
54.flight,AA-1640-MIA-MCO,UA-397-JFK-SFO
689.actdeptime,1:48 p..,1:48 p.m.
1924.actarrtime,0:04 a.m.,10:04 a.m.
1749.scheddeptime,:45 p.m.,1:45 p.m.
423.tupleid,4921,423
1700.actdeptime,5:08p.m.,5:08 p.m.
1656.actdeptime,11:08 p..m,11:08 p.m.
1502.flight,CO-52l-IAH-LAX,CO-52-IAH-LAX
64.tupleid,18.0,64
1290.actdeptime,7:22 a..m,7:22 a.m.
1231.src,myratepmlan,myrateplan
1023.actarrtime,10:36s a.m.,10:36 a.m.
2098.scheddeptime,j9:15 a.m.,9:15 a.m.
1034.scheddeptime,10:40 a..,10:40 a.m.
1926.flight,UA-257-FJK-SFO,UA-257-JFK-SFO
29.tupleid,19.0,29
658.flight,CO8-9-IAH-EWR,CO-89-IAH-EWR
1019.flight,AU-2945-PHL-CLT,UA-2945-PHL-CLT
34.actdeptime,8:25 .pm.,8:25 p.m.
2056.flight,AA1-733-ORD-PHX,AA-1733-ORD-PHX
978.scheddeptime,1:05p.m.,1:05 p.m.
1613.schedarrtime,8:v05 p.m.,8:05 p.m.
1872.schedarrtime,:46 p.m.,6:46 p.m.
1972.actdeptime,2:84 p.m.,2:48 p.m.
205.scheddeptime,1:025 a.m.,10:25 a.m.
476.scheddeptime,7:10 pm..,7:10 p.m.
50.tupleid,19.0,50
763.tupleid,-1229,763
2194.src,gofoux,gofox
190.flight,A-2050-ORD-MIA,AA-2050-ORD-MIA
1145.src,foxbusienss,foxbusiness
324.actarrtime,12:g09 p.m.,12:09 p.m.
822.scheddeptime,11:2x5 p.m.,11:25 p.m.
810.schedarrtime,1d0:35 a.m.,10:35 a.m.
70.tupleid,9.0,70
779.src,flgihtexplorer,flightexplorer
513.flight,UA-2708-EWR-hCLT,UA-2708-EWR-CLT
488.actdeptime,5:08p .m.,5:08 p.m.
1878.flight,AA-616-FW-DTW,AA-616-DFW-DTW
2294.scheddeptime,:455 p.m.,4:55 p.m.
2173.schedarrtime,10:06a.m.,10:06 a.m.
1928.actarrtime,4:59 p..m,4:59 p.m.
2325.actdeptime,7:58p .m.,7:58 p.m.
46.tupleid,10.0,46
1810.actdeptime,4:28 p..m,4:28 p.m.
1911.actarrtime,6:38p .m.,6:38 p.m.
913.scheddeptime,6:30p.m.,6:30 p.m.
675.flight,CO-1694-LA-IAH,CO-1694-LAX-IAH
1750.actdeptime,11:1 a.m.,11:15 a.m.
2206.scheddeptime,4:55 lp.m.,4:55 p.m.
90.tupleid,10.0,90
79.tupleid,12.0,79
322.src,ewather,weather
1024.scheddeptime,8:05 a.mc.,8:05 a.m.
975.flight,UA-305-0PHX-CLT,UA-3050-PHX-CLT
2055.src,businesstrvellogue,businesstravellogue
2029.scheddeptime,2:35 p.km.,2:35 p.m.
2289.scheddeptime,12:00 .pm.,12:00 p.m.
51.flight,AA-415-BOS-ORD,AA-3859-IAH-ORD
649.actdeptime,4:29p .m.,4:29 p.m.
375.flight,O-63-EWR-IAH,CO-63-EWR-IAH
2206.actdeptime,n5:08 p.m.,5:08 p.m.
769.flight,AAs-1886-BOS-MIA,AA-1886-BOS-MIA
1069.flight,AA-3m809-PHX-LAX,AA-3809-PHX-LAX
1713.actarrtime,:40 p.m.,6:40 p.m.
1676.tupleid,4015,1676
1354.src,orbtiz,orbitz
9.schedarrtime,3:50 pm.,3:50 p.m.
489.actarrtime,638 p.m.,6:38 p.m.
434.tupleid,4621,434
1192.scheddeptime,6:45 p..m,6:45 p.m.
120.tupleid,3835,120
39.flight,AA-518-MIA-JFK,AA-3804-PHL-ORD
683.scheddeptime,8:00p.m.,8:00 p.m.
581.flight,AA-4370-ORD-DTW,AA-4307-ORD-DTW
73.tupleid,1.0,73
113.actarrtime,d5:50 a.m.,5:50 a.m.
2094.tupleid,-1427,2094
1455.schedarrtime,10:35 qa.m.,10:35 a.m.
919.schedarrtime,:16 p.m.,1:16 p.m.
1181.actarrtime,9:05a .m.,9:05 a.m.
215.scheddeptime,65:9 a.m.,6:59 a.m.
1750.flight,AU-2704-DTW-PHX,UA-2704-DTW-PHX
349.schedarrtime,7:23 a.lm.,7:23 a.m.
1894.src,quicktirp,quicktrip
2186.src,gfoox,gofox
413.schedarrtime,:140 p.m.,1:40 p.m.
827.src,flihts,flights
2282.src,fligbhtaware,flightaware
1252.schedarrtime,r10:20 a.m.,10:20 a.m.
1727.schedarrtime,10:45 am.,10:45 a.m.
1613.scheddeptime,4f:55 p.m.,4:55 p.m.
375.actarrtime,80:3 p.m.,8:03 p.m.
1877.schedarrtime,:55 p.m.,7:55 p.m.
1635.src,mytripandmoer,mytripandmore
783.src,flightexploerr,flightexplorer
461.actdeptime,2:55 p..m,2:55 p.m.
2330.schedarrtime,6:46 pm.,6:46 p.m.
1072.schedarrtime,10:15 pm.,10:15 p.m.
894.scheddeptime,7:55l a.m.,7:55 a.m.
1909.scheddeptime,:55 p.m.,4:55 p.m.
556.src,flihtstats,flightstats
1231.schedarrtime,2:50z p.m.,2:50 p.m.
1506.scheddeptime,d7:00 a.m.,7:00 a.m.
1676.actarrtime,5:0 5p.m.,5:05 p.m.
1364.scheddeptime,12:57 p..m,12:57 p.m.
2225.src,ofox,gofox
1195.flight,CO1-193-EWR-MCO,CO-1193-EWR-MCO
554.tupleid,-1533,554
443.scheddeptime,:45 p.m.,7:45 p.m.
247.tupleid,-1359,247
1680.schedarrtime,2:35 p.um.,2:35 p.m.
45.flight,AA-3979-CVG-ORD,AA-85-JFK-SFO
862.scheddeptime,4:55 pv.m.,4:55 p.m.
765.actdeptime,i5:08 p.m.,5:08 p.m.
174.src,obston,boston
25.tupleid,7.0,25
1186.flight,AA-3756-ORjD-SLC,AA-3756-ORD-SLC
44.scheddeptime,8:35a.m.,8:35 a.m.
1381.scheddeptime,1:33 .pm.,1:33 p.m.
1573.scheddeptime,9:05 ka.m.,9:05 a.m.
2054.src,businesstraveullogue,businesstravellogue
1518.flight,AA-1664-zMIA-ATL,AA-1664-MIA-ATL
748.tupleid,-1424,748
93.tupleid,2.0,93
1317.tupleid,4318,1317
1630.scheddeptime,12:10 .m.,12:10 p.m.
1752.schedarrtime,7:03 p.tm.,7:03 p.m.
2024.tupleid,4339,2024
1944.flight,AA-222-LAX-BOlS,AA-222-LAX-BOS
647.schedarrtime,10:0 a.m.,10:06 a.m.
2007.actarrtime,3:0n4 p.m.,3:04 p.m.
517.actarrtime,5:43 .m.,5:43 p.m.
1607.actdeptime,12:13 p.ym.,12:13 p.m.
1685.tupleid,-1272,1685
590.schedarrtime,6:23p.m.,6:23 p.m.
1530.src,flytecomm***,flytecomm
52.tupleid,6.0,52
487.src,fligzhtview,flightview
27.actdeptime,7:30 a.ml.,7:30 a.m.
50.flight,AA-204-LAX-MCO,AA-59-JFK-SFO
2194.actarrtime,95:2 p.m.,9:52 p.m.
1376.actarrtime,7:36 .m.,7:36 p.m.
297.actdeptime,8:23 p..m,8:23 p.m.
2162.scheddeptime,12:00 .m.,12:00 p.m.
463.actarrtime,1b:14 p.m.,1:14 p.m.
771.tupleid,4416,771
1040.actarrtime,10:04a .m.,10:04 a.m.
795.src,mvia,mia
801.tupleid,5188,801
1632.src,myturipandmore,mytripandmore
31.tupleid,7.0,31
1452.actarrtime,7:36 p.zm.,7:36 p.m.
1762.src,flylouislville,flylouisville
1711.tupleid,4485,1711
263.schedarrtime,2:4f5 p.m.,2:45 p.m.
865.tupleid,-1325,865
1906.actdeptime,9:14 a.om.,9:14 a.m.
2335.flight,AA-466-IAHM-IA,AA-466-IAH-MIA
2200.schedarrtime,:10 p.m.,9:10 p.m.
1352.schedarrtime,10:m20 a.m.,10:20 a.m.
1619.actdeptime,9:z00 p.m.,9:00 p.m.
2061.flight,AA-204-LAkX-MCO,AA-204-LAX-MCO
1114.flight,AA-1640-McIA-MCO,AA-1640-MIA-MCO
1199.tupleid,4942,1199
2184.actarrtime,1:27 a.m.,10:27 a.m.
1977.flight,AA-s466-IAH-MIA,AA-466-IAH-MIA
1060.src,rtavelocity,travelocity
918.scheddeptime,7:35 a..,7:35 a.m.
1723.scheddeptime,115:5 a.m.,11:55 a.m.
1201.scheddeptime,2:30 .pm.,2:30 p.m.
534.actarrtime,:36 p.m.,6:36 p.m.
1205.scheddeptime,1:08 p.m.,11:08 p.m.
1339.scheddeptime,9:45 am..,9:45 a.m.
1176.scheddeptime,6:0 a.m.,6:00 a.m.
980.schedarrtime,1221 a.m.,12:21 a.m.
825.src,lfights,flights
104.tupleid,11.0,104
1308.flight,AA-257-DFW-CVG,AA-2957-DFW-CVG
1364.actdeptime,1:3j2 p.m.,1:32 p.m.
13.tupleid,12.0,13
2373.schedarrtime,12:55 pb.m.,12:55 p.m.
1113.flight,AA-1434-DW-MCO,AA-1434-DFW-MCO
37.flight,AA-3756-ORD-SLC,AA-649-ORD-SNA
1704.actdeptime,1:1 p.m.,1:31 p.m.
1448.schedarrtime,1:1 p.m.,1:16 p.m.
1215.src,usatdoay,usatoday
989.tupleid,4133,989
1444.schedarrtime,b8:22 p.m.,8:22 p.m.
684.scheddeptime,10:2 5a.m.,10:25 a.m.
724.actarrtime,12:50 p.zm.,12:50 p.m.
115.actarrtime,1:215 a.m.,12:15 a.m.
1436.schedarrtime,7:03 .m.,7:03 p.m.
694.actarrtime,10:04 ra.m.,10:04 a.m.
931.actarrtime,8:53 .m.,8:53 p.m.
1441.actarrtime,9:25 p.m.,9:52 p.m.
